date,nav
2020-01-02,999600.0
2020-01-03,1010150.5630732948
2020-01-06,1026631.7795455204
2020-01-07,1020549.4359118105
2020-01-08,1031753.4988739502
2020-01-09,1006629.0791037997
2020-01-10,1008243.2032979248
2020-01-13,1009057.2098125828
2020-01-14,999472.3434887251
2020-01-15,1004499.2564204178
2020-01-16,1003538.6321151375
2020-01-17,1002686.7030417847
2020-01-20,1002705.664321132
2020-01-21,1005957.9464328865
2020-01-22,999487.5608211949
2020-01-23,998295.6572168686
2020-02-03,996135.6414135068
2020-02-04,989500.3646547935
2020-02-05,984622.6385491497
2020-02-06,981017.3627319349
2020-02-07,984410.5635010783
2020-02-10,987167.5391260074
2020-02-11,985258.8636933642
2020-02-12,983774.3383568639
2020-02-13,989076.2145586506
2020-02-14,989924.5147509365
2020-02-17,992257.3402797226
2020-02-18,995862.6160969374
2020-02-19,1004345.6180197961
2020-02-20,1006890.5185966537
2020-02-21,1022159.9220577992
2020-02-24,1038913.850855445
2020-02-25,1022584.0721539422
2020-02-26,1026825.5731153715
2020-02-27,1027037.648163443
2020-02-28,1017282.1959521555
2020-03-02,1000104.1170583668
2020-03-03,998134.0165541425
2020-03-04,1017447.8550455377
2020-03-05,1020251.6788078918
2020-03-06,1032246.0705442878
2020-03-09,1020070.7084878439
2020-03-10,1013140.0803573023
2020-03-11,1018604.4597119725
2020-03-12,1006693.4991849533
2020-03-13,979954.161439176
2020-03-16,955516.2359019103
2020-03-17,921653.5025811857
2020-03-18,932801.4202399388
2020-03-19,925746.3750143643
2020-03-20,937464.5680969777
2020-03-23,928882.950655516
2020-03-24,973844.1023606256
2020-03-25,991071.917377921
2020-03-26,987444.2408279299
2020-03-27,997632.091479655
2020-03-30,989772.0445414485
2020-03-31,989545.3451620337
2020-04-01,976194.52736415
2020-04-02,978621.6837462893
2020-04-03,985257.1512832511
2020-04-07,1006200.3456967868
2020-04-08,998942.8030782348
2020-04-09,1000809.0283230053
2020-04-10,1005163.5538941365
2020-04-13,1004956.1955336063
2020-04-14,1013665.2466758688
2020-04-15,1011591.6630705681
2020-04-16,1017397.6971654098
2020-04-17,1004748.8371730763
2020-04-20,1001016.3866835353
2020-04-21,1007859.2125810272
2020-04-22,1005785.6289757265
2020-04-23,1019263.9224101802
2020-04-24,1025484.673226082
2020-04-27,1019678.6391312404
2020-04-28,1014079.9633969289
2020-04-29,1018019.7722469999
2020-04-30,1020715.4309338906
2020-05-06,1019678.6391312404
2020-05-07,1015385.454413861
2020-05-08,1024782.4447174097
2020-05-11,1021718.2087488612
2020-05-12,1020083.9495656353
2020-05-13,1022331.0559425709
2020-05-14,1027233.8334922484
2020-05-15,1038060.8005811196
2020-05-18,1057059.06358612
2020-05-19,1044393.5549161198
2020-05-20,1052769.133230152
2020-05-21,1045414.9669056359
2020-05-22,1044393.5549161198
2020-05-25,1042963.5781307971
2020-05-26,1046640.6612930553
2020-05-27,1038265.0829790228
2020-05-28,1043984.9901203132
2020-05-29,1044189.2725182165
2020-06-01,1050522.0268532166
2020-06-02,1048473.7093386967
2020-06-03,1041398.7872780799
2020-06-04,1034728.1464780697
2020-06-05,1034121.7245871597
2020-06-08,1027248.9431568462
2020-06-09,1027046.8025265429
2020-06-10,1034930.2871083731
2020-06-11,1041803.0685386865
2020-06-12,1041600.9279083832
2020-06-15,1039579.5216053498
2020-06-16,1038770.9590841364
2020-06-17,1039175.2403447431
2020-06-18,1037962.3965629231
2020-06-19,1039579.5216053498
2020-06-22,1048069.4280780901
2020-06-23,1047260.8655568766
2020-06-24,1052920.80320537
2020-06-29,1052920.80320537
2020-06-30,1053729.3657265836
2020-07-01,1058782.8814841667
2020-07-02,1058230.092309856
2020-07-03,1064481.032703355
2020-07-06,1080127.5330635314
2020-07-07,1081264.1301326351
2020-07-08,1085365.3598108164
2020-07-09,1093083.6748429409
2020-07-10,1080903.4692312877
2020-07-13,1090963.847459449
2020-07-14,1088579.5354149689
2020-07-15,1086429.8246996508
2020-07-16,1079977.4294312561
2020-07-17,1074216.4726337309
2020-07-20,1090172.9696257797
2020-07-21,1094734.2995681085
2020-07-22,1113493.6469934871
2020-07-23,1115421.1218962604
2020-07-24,1115063.7241173536
2020-07-27,1131970.9919426693
2020-07-28,1132767.7090480747
2020-07-29,1138212.8299419913
2020-07-30,1134246.7622301723
2020-07-31,1144962.8563256408
2020-08-03,1149632.0410518013
2020-08-04,1150583.3528996306
2020-08-05,1172261.0040888493
2020-08-06,1178390.1327377062
2020-08-07,1184158.3837536501
2020-08-10,1180769.974425024
2020-08-11,1160010.9762641832
2020-08-12,1104150.5323965962
2020-08-13,1120044.0832143715
2020-08-14,1128725.262893955
2020-08-17,1145029.6777735264
2020-08-18,1164935.2490997757
2020-08-19,1153595.64483044
2020-08-20,1131925.6135236728
2020-08-21,1132114.2818131773
2020-08-24,1126855.0389450074
2020-08-25,1127215.9165779203
2020-08-26,1122136.502935611
2020-08-27,1131761.024062716
2020-08-28,1136446.642179921
2020-08-31,1137398.2131004906
2020-09-01,1145340.5689775562
2020-09-02,1133893.1057785307
2020-09-03,1117807.4327649893
2020-09-04,1118805.4010911037
2020-09-07,1115027.6845129456
2020-09-08,1117117.93288088
2020-09-09,1113111.880019379
2020-09-10,1117824.6904465149
2020-09-11,1115971.7604300855
2020-09-14,1115765.8793171488
2020-09-15,1119700.07563335
2020-09-16,1117860.6187191645
2020-09-17,1112937.436145011
2020-09-18,1122954.460588404
2020-09-21,1120850.7391182259
2020-09-22,1097496.352674767
2020-09-23,1084722.7416045356
2020-09-24,1071877.273989005
2020-09-25,1080081.0812679003
2020-09-28,1079490.3841335778
2020-09-29,1090191.7109721992
2020-09-30,1088920.4960219301
2020-10-09,1092510.2956234766
2020-10-12,1105095.7832304146
2020-10-13,1103454.257692616
2020-10-14,1093132.2811704227
2020-10-15,1091892.5923345224
2020-10-16,1095828.3519917289
2020-10-19,1095402.853091996
2020-10-20,1092104.0272178424
2020-10-21,1095616.9171084089
2020-10-22,1095188.789075583
2020-10-23,1091258.287684562
2020-10-26,1086503.0798250025
2020-10-27,1092469.056056442
2020-10-28,1092254.992040029
2020-10-29,1083835.9294677165
2020-10-30,1074708.9465188463
2020-11-02,1084644.8611376984
2020-11-03,1090181.4231514144
2020-11-04,1095966.3035382412
2020-11-05,1098645.6198732588
2020-11-06,1107328.606966721
2020-11-09,1109383.6624284757
2020-11-10,1088287.8633164794
2020-11-11,1088282.8264158377
2020-11-12,1087659.1951551554
2020-11-13,1086226.5117289226
2020-11-16,1095297.9697843648
2020-11-17,1093850.1756562074
2020-11-18,1090329.0673014699
2020-11-19,1084337.359182049
2020-11-20,1086815.5142976947
2020-11-23,1093212.6929187607
2020-11-24,1071295.2493896105
2020-11-25,1058897.548073001
2020-11-26,1060343.4533634176
2020-11-27,1062612.8919087288
2020-11-30,1045852.9198302417
2020-12-01,1049374.0281849795
2020-12-02,1060711.428628696
2020-12-03,1066226.5576759607
2020-12-04,1067150.30314252
2020-12-07,1061717.708919704
2020-12-08,1073005.9953488742
2020-12-09,1065510.6347966504
2020-12-10,1056410.4024596878
2020-12-11,1056379.0805189877
2020-12-14,1054386.9144481993
2020-12-15,1059894.0871182445
2020-12-16,1064324.8828068406
2020-12-17,1069334.8826142964
2020-12-18,1076955.5309293205
2020-12-21,1085229.9618104333
2020-12-22,1068270.440198677
2020-12-23,1066579.5589690583
2020-12-24,1067753.8799612168
2020-12-25,1074482.1047503818
2020-12-28,1074086.8540871118
2020-12-29,1068646.3034870762
2020-12-30,1068305.7403279864
2020-12-31,1073100.4647391527
2021-01-04,1082823.1577015042
2021-01-05,1085495.4726853652
2021-01-06,1090446.964370421
2021-01-07,1085033.860018462
2021-01-08,1080244.6417282566
2021-01-11,1056781.484302808
2021-01-12,1063014.2531035752
2021-01-13,1060940.724714496
2021-01-14,1055126.92586328
2021-01-15,1059879.5932528977
2021-01-18,1059234.3858324685
2021-01-19,1062730.1433734335
2021-01-20,1061940.938008448
2021-01-21,1069632.486861688
2021-01-22,1061173.0540021386
2021-01-25,1054970.7442851947
2021-01-26,1056438.6620628145
2021-01-27,1052484.3377633288
2021-01-28,1045462.3635975763
2021-01-29,1048587.8857231068
2021-02-01,1060396.0322706825
2021-02-02,1052078.7003370307
2021-02-03,1043557.5237301448
2021-02-04,1036512.2982930898
2021-02-05,1031652.5789497725
2021-02-08,1038305.4710513983
2021-02-09,1047442.8204103047
2021-02-10,1049907.5114183878
2021-02-18,1033366.6867112895
2021-02-19,1034731.9468856126
2021-02-22,1046322.1275030833
2021-02-23,1051166.0338470426
2021-02-24,1049093.6761743887
2021-02-25,1048343.0929278228
2021-02-26,1031179.6847932884
2021-03-01,1030700.3799613888
2021-03-02,1015899.137545784
2021-03-03,1024450.9504076765
2021-03-04,1017116.7577022661
2021-03-05,1006340.3232575834
2021-03-08,1012803.879313165
2021-03-09,1007967.3477808882
2021-03-10,1013658.755729259
2021-03-11,1025706.4467980198
2021-03-12,1020937.1933782764
2021-03-15,1029112.9308922281
2021-03-16,1031702.4148042037
2021-03-17,1033253.3768224014
2021-03-18,1039611.7785315884
2021-03-19,1033230.9507848901
2021-03-22,1032120.9136009847
2021-03-23,1031628.4708878938
2021-03-24,1027523.7826027845
2021-03-25,1029515.6694552744
2021-03-26,1029410.5151088799
2021-03-29,1033683.088637938
2021-03-30,1023701.2283379771
2021-03-31,1014520.6079865145
2021-04-01,1031232.3981286238
2021-04-02,1038431.3174251189
2021-04-06,1033879.0258848623
2021-04-07,1039331.7668044136
2021-04-08,1040488.4103510231
2021-04-09,1044173.5987407548
2021-04-12,1040054.8587757606
2021-04-13,1030591.0067661665
2021-04-14,1040524.7926552498
2021-04-15,1040235.2522591653
2021-04-16,1050743.564827232
2021-04-19,1055874.937159658
2021-04-20,1047385.8171755401
2021-04-21,1056525.2645225516
2021-04-22,1057175.5918854454
2021-04-23,1053457.057266944
2021-04-26,1048436.3498849269
2021-04-27,1048401.4856184288
2021-04-28,1045833.5223956231
2021-04-29,1051104.3517940412
2021-04-30,1045037.6658158229
2021-05-06,1058979.526719492
2021-05-07,1068804.4654859453
2021-05-10,1074159.831644856
2021-05-11,1071259.798671564
2021-05-12,1075501.9047984767
2021-05-13,1071535.3649505053
2021-05-14,1075738.6917107012
2021-05-17,1085398.864735047
2021-05-18,1091524.271243522
2021-05-19,1093319.0179754177
2021-05-20,1089461.9320232873
2021-05-21,1091633.7251393632
2021-05-24,1096044.9647750075
2021-05-25,1096596.0973328897
2021-05-26,1106688.0436893362
2021-05-27,1103543.2500132178
2021-05-28,1098556.9564478854
2021-05-31,1106240.3227760312
2021-06-01,1111637.4894272904
2021-06-02,1098317.6975887374
2021-06-03,1093487.0142119043
2021-06-04,1083864.1443768502
2021-06-07,1086378.7293396192
2021-06-08,1091822.503107267
2021-06-09,1091535.2063711658
2021-06-10,1089156.8845575904
2021-06-11,1095136.7548788276
2021-06-15,1078011.6749421782
2021-06-16,1077614.7956253253
2021-06-17,1064029.0407968261
2021-06-18,1053683.4979902057
2021-06-21,1053790.126483415
2021-06-22,1058046.2163880463
2021-06-23,1062163.0890559414
2021-06-24,1058487.5007985975
2021-06-25,1057622.6565027516
2021-06-28,1054909.6787718346
2021-06-29,1051376.2618387695
2021-06-30,1045722.1851722461
2021-07-01,1057981.0389009924
2021-07-02,1054646.0976377337
2021-07-05,1056438.2400674229
2021-07-06,1064739.8165450343
2021-07-07,1063385.6859894937
2021-07-08,1058057.295607064
2021-07-09,1062163.4884611005
2021-07-12,1059804.5779195325
2021-07-13,1064304.4519954
2021-07-14,1067055.9848289932
2021-07-15,1073042.4519524516
2021-07-16,1072429.7647935464
2021-07-19,1066137.218823087
2021-07-20,1071818.136564447
2021-07-21,1068060.7648150208
2021-07-22,1063515.50115703
2021-07-23,1066006.874190648
2021-07-26,1062208.8780432239
2021-07-27,1048449.096015646
2021-07-28,1055964.8984443045
2021-07-29,1058324.3384507755
2021-07-30,1060946.0561168327
2021-08-02,1051508.296090949
2021-08-03,1048842.3374682395
2021-08-04,1052594.4326925352
2021-08-05,1051737.910471588
2021-08-06,1048695.3525328874
2021-08-09,1032245.6830972449
2021-08-10,1029004.962466401
2021-08-11,1035007.0656044392
2021-08-12,1045195.871925038
2021-08-13,1047180.5715267521
2021-08-16,1056014.2754721493
2021-08-17,1059673.6361981644
2021-08-18,1061214.1068263114
2021-08-19,1055678.6481163406
2021-08-20,1058590.1889827824
2021-08-23,1059501.0623844168
2021-08-24,1066209.428640539
2021-08-25,1063566.369510021
2021-08-26,1064304.6690979078
2021-08-27,1073710.4456652352
2021-08-30,1077305.9349388764
2021-08-31,1086730.9535368087
2021-09-01,1084506.534501462
2021-09-02,1088096.2901102668
2021-09-03,1087413.897728154
2021-09-06,1094086.3637278848
2021-09-07,1097073.0786783756
2021-09-08,1093231.9862738578
2021-09-09,1099019.5613390603
2021-09-10,1101085.8787595308
2021-09-13,1104627.6616598617
2021-09-14,1099537.7357170223
2021-09-15,1100865.6269093691
2021-09-16,1092502.4366946071
2021-09-17,1078602.436745305
2021-09-22,1097875.0284249966
2021-09-23,1089995.6155738137
2021-09-24,1075063.1504024693
2021-09-27,1069973.22445963
2021-09-28,1071141.890762817
2021-09-29,1062534.31530877
2021-09-30,1063203.947508128
2021-10-08,1070165.459386786
2021-10-11,1068784.2709008239
2021-10-12,1071017.8487500444
2021-10-13,1066072.895932692
2021-10-14,1074241.107056932
2021-10-15,1074141.2993373075
2021-10-18,1068232.8548090928
2021-10-19,1071362.9773994414
2021-10-20,1063917.3850583483
2021-10-21,1071951.2029775823
2021-10-25,936637.7154237271
2021-10-26,939177.3884349063
2021-10-27,930861.4400994896
2021-10-28,934942.209660067
2021-10-29,929819.3821482135
2021-11-01,927605.3210427121
2021-11-02,931404.7434093485
2021-11-03,925989.0141135062
2021-11-04,923281.149465585
2021-11-05,932758.6757333091
2021-11-08,939721.756256535
2021-11-09,941849.3641941872
2021-11-10,941462.5263873414
2021-11-11,951520.3093653343
2021-11-12,951713.7282687572
2021-11-15,950553.2148482196
2021-11-16,953647.9173029866
2021-11-17,951326.8904619113
2021-11-18,954228.1740132554
2021-11-19,953261.0794961407
2021-11-22,946684.8367797608
2021-11-23,934306.0269606926
2021-11-24,930631.0677956567
2021-11-25,930244.2299888108
2021-11-26,933532.3513470008
2021-11-29,930824.4866990796
2021-11-30,929083.7165682733
2021-12-01,926375.8519203521
2021-12-02,922726.7032497728
2021-12-03,920986.6138027849
2021-12-06,926013.5388718606
2021-12-07,924466.7926967604
2021-12-08,925433.5090561981
2021-12-09,922726.7032497728
2021-12-10,920793.2705308974
2021-12-13,924660.1359686479
2021-12-14,925240.1657843105
2021-12-15,918279.8079963597
2021-12-16,924466.7926967604
2021-12-17,933167.2399316991
2021-12-20,932200.5235722614
2021-12-21,927366.9417750733
2021-12-22,925820.1955999731
2021-12-23,932780.553387924
2021-12-24,933940.6130192492
2021-12-27,933360.5832035866
2021-12-28,935680.7024662369
2021-12-29,932393.866844149
2021-12-30,928720.344678286
2021-12-31,935874.0457381244
2022-01-04,931427.1504847114
2022-01-05,933760.4462974558
2022-01-06,929710.804859284
2022-01-07,925468.3233526278
2022-01-10,926818.2038320184
2022-01-11,932603.4058865496
2022-01-12,935881.6870507839
2022-01-13,937424.4075986589
2022-01-14,936653.0473247215
2022-01-17,933760.4462974558
2022-01-18,932603.4058865496
2022-01-19,931832.045612612
2022-01-20,941281.2089683465
2022-01-21,940895.5288313777
2022-01-24,938967.128146534
2022-01-25,940702.6887628933
2022-01-26,941281.2089683465
2022-01-27,928168.0843114089
2022-01-28,925854.0034895964
2022-02-07,930867.8452701903
2022-02-08,934356.6484064356
2022-02-09,937632.9629953651
2022-02-10,938982.0337084538
2022-02-11,935127.5459567719
2022-02-14,946691.0092118175
2022-02-15,953821.8115524289
2022-02-16,944185.5921732243
2022-02-17,950738.2213510834
2022-02-18,957290.8505289425
2022-02-21,956134.504203438
2022-02-22,965192.5504198903
2022-02-23,959603.5431799516
2022-02-24,975214.2185742632
2022-02-25,966348.8967453949
2022-02-28,962494.408993713
2022-03-01,962301.684606129
2022-03-02,971436.5280801107
2022-03-03,969531.5656814093
2022-03-04,972198.5130395913
2022-03-07,988390.693428553
2022-03-08,1005344.8587769951
2022-03-09,1014107.6858110215
2022-03-10,989343.1746279036
2022-03-11,990486.1520671244
2022-03-14,986676.2272697217
2022-03-15,970484.04688076
2022-03-16,963626.182245435
2022-03-17,972960.4979990718
2022-03-18,974103.4754382926
2022-03-21,972198.5130395913
2022-03-22,976960.9190363446
2022-03-23,971055.5356003704
2022-03-24,979627.8663945266
2022-03-25,984771.2648710203
2022-03-28,978103.8964755655
2022-03-29,973722.4829585523
2022-03-30,971817.520559851
2022-03-31,970674.5431206301
2022-04-01,974484.4679180329
2022-04-06,970676.2027755451
2022-04-07,972003.0795711606
2022-04-08,973709.0640226661
2022-04-11,980153.8941727983
2022-04-12,984324.0783875897
2022-04-13,987736.0472906008
2022-04-14,988683.8164303261
2022-04-15,991148.0161936119
2022-04-18,995507.7542363483
2022-04-19,989631.5855700513
2022-04-20,980153.8941727983
2022-04-21,989821.1393979964
2022-04-22,992474.8929892273
2022-04-25,987356.9396347107
2022-04-26,980912.1094845785
2022-04-27,981291.2171404687
2022-04-28,980912.1094845785
2022-04-29,990768.9085377217
2022-05-05,988304.7087744359
2022-05-06,986390.7396665768
2022-05-09,989595.6386081687
2022-05-10,984128.4580607472
2022-05-11,980357.9887176979
2022-05-12,987521.8804694916
2022-05-13,979980.941783393
2022-05-16,973005.5734987519
2022-05-17,977907.1836447158
2022-05-18,970177.7214914648
2022-05-19,972817.0500315994
2022-05-20,976964.5663089536
2022-05-23,977530.1367104109
2022-05-24,978849.8009804783
2022-05-25,979792.4183162405
2022-05-26,982431.746856375
2022-05-27,985448.1223308145
2022-05-30,979415.3713819355
2022-05-31,977907.1836447158
2022-06-01,973194.0969659042
2022-06-02,977345.5615120548
2022-06-06,975830.7414831456
2022-06-07,972990.4539289408
2022-06-08,976398.7989939864
2022-06-09,978102.9715265093
2022-06-10,975073.331468691
2022-06-13,986623.8341891237
2022-06-14,973179.8064325544
2022-06-15,969203.4038566678
2022-06-16,971475.6339000316
2022-06-17,976777.5040012138
2022-06-20,973747.8639433954
2022-06-21,972611.7489217134
2022-06-22,972043.6914108725
2022-06-23,972990.4539289408
2022-06-24,967877.9363313721
2022-06-27,972801.1014253271
2022-06-28,968824.6988494404
2022-06-29,966741.8213096904
2022-06-30,966173.7637988493
2022-07-01,959735.7786759852
2022-07-04,962392.8631736147
2022-07-05,961632.5047737283
2022-07-06,947946.0535757744
2022-07-07,938631.6631771668
2022-07-08,937301.0359773657
2022-07-11,937301.0359773657
2022-07-12,937110.9463773941
2022-07-13,932928.9751780193
2022-07-14,933119.0647779909
2022-07-15,928366.8247787013
2022-07-18,930837.9895783318
2022-07-19,929317.2727785592
2022-07-20,929507.3623785309
2022-07-21,923994.763979355
2022-07-22,933689.3335779057
2022-07-25,936160.4983775362
2022-07-26,937110.9463773941
2022-07-27,935400.1399776499
2022-07-28,942623.54477657
2022-07-29,952508.2039750924
2022-08-01,951367.6663752628
2022-08-02,956512.622875582
2022-08-03,953845.6772102051
2022-08-04,954036.1733291607
2022-08-05,959751.0568978251
2022-08-08,955750.63839976
2022-08-09,958989.0724220033
2022-08-10,960513.041373647
2022-08-11,957274.6073514039
2022-08-12,960703.5374926025
2022-08-15,961465.5219684244
2022-08-16,960894.033611558
2022-08-17,957655.5995893148
2022-08-18,954226.6694481162
2022-08-19,954226.6694481162
2022-08-22,952702.7004964723
2022-08-23,954607.6616860271
2022-08-24,959179.5685409587
2022-08-25,961084.5297305136
2022-08-26,961275.025849469
2022-08-29,955369.646161849
2022-08-30,958417.5840651367
2022-08-31,953655.1810912497
2022-09-01,948321.2897604961
2022-09-02,946895.6634191273
2022-09-05,958488.2897054566
2022-09-06,965160.2898523373
2022-09-07,960951.429011476
2022-09-08,967135.8290227731
2022-09-09,969234.6813452524
2022-09-13,968228.6899733937
2022-09-14,960587.1420279358
2022-09-15,960035.1334546744
2022-09-16,949218.68090461
2022-09-19,951418.385238049
2022-09-20,952508.4199523742
2022-09-21,955957.9157254639
2022-09-22,953704.9591502497
2022-09-23,954724.9329543065
2022-09-26,944362.4632028395
2022-09-27,948209.8632964559
2022-09-28,947775.5154026472
2022-09-29,951082.0631189046
2022-09-30,952485.9588112903
2022-10-10,959572.671947191
2022-10-11,956156.5144672208
2022-10-12,960036.6922980971
2022-10-13,961265.0790406276
2022-10-14,960794.7952110968
2022-10-17,955692.5070663013
2022-10-18,957010.55707471
2022-10-19,953888.4821568333
2022-10-20,948783.0557977321
2022-10-21,948882.1337065275
2022-10-24,953006.1956205925
2022-10-25,952619.2986283283
2022-10-26,950344.9898893293
2022-10-27,949877.8442741043
2022-10-28,946458.5356298415
2022-10-31,938311.2829758248
2022-11-01,941154.9534531498
2022-11-02,941792.0877000212
2022-11-03,939570.6652274027
2022-11-04,939385.5466880178
2022-11-07,944568.8657907944
2022-11-08,945864.6955664885
2022-11-09,965487.2607412855
2022-11-10,961784.889953588
2022-11-11,966783.0905169797
2022-11-14,959563.4674809695
2022-11-15,963265.838268667
2022-11-16,967153.3275957495
2022-11-17,967893.8017532891
2022-11-18,966783.0905169797
2022-11-21,963821.1938868217
2022-11-22,963080.7197292822
2022-11-23,963080.7197292822
2022-11-24,965857.4978200553
2022-11-25,968078.9202926739
2022-11-28,968634.2759108286
2022-11-29,966597.9719775949
2022-11-30,965302.1422019007
2022-12-01,967523.5646745192
2022-12-02,969087.6286124822
2022-12-05,966164.6639243757
2022-12-06,957057.5132146212
2022-12-07,955648.9413311065
2022-12-08,959257.1071649754
2022-12-09,960696.4426002435
2022-12-12,955357.3997087046
2022-12-13,956752.441326402
2022-12-14,962774.2641582412
2022-12-15,955303.2786454351
2022-12-16,953694.1739801215
2022-12-19,955262.687847983
2022-12-20,953192.2723302221
2022-12-21,960157.6531730102
2022-12-22,959030.7956661984
2022-12-23,951573.3404192097
2022-12-26,952489.8378985239
2022-12-27,957139.976624182
2022-12-28,957408.1607350676
2022-12-29,955181.5062530786
2022-12-30,961074.1506523244
2023-01-03,962384.3076549992
2023-01-04,964424.1134773105
2023-01-05,964243.2228538737
2023-01-06,958997.3947742047
2023-01-09,966775.6915819898
2023-01-10,966413.9103351161
2023-01-11,968584.5978163584
2023-01-12,967499.2540757373
2023-01-13,968946.3790632322
2023-01-16,973106.86340228
2023-01-17,976001.1133772698
2023-01-18,974192.2071429011
2023-01-19,976362.8946241435
2023-01-20,982332.28519756
2023-01-30,981427.8320803758
2023-01-31,976543.7852475804
2023-02-01,980523.3789631914
2023-02-02,985654.2564907935
2023-02-03,974511.4713449319
2023-02-06,964125.3712536611
2023-02-07,963553.8903143984
2023-02-08,962688.311446378
2023-02-09,966324.6877549526
2023-02-10,962808.3485386432
2023-02-13,968164.7393044233
2023-02-14,968491.4207447126
2023-02-15,965579.1459791972
2023-02-16,964533.9346352665
2023-02-17,962051.6634840525
2023-02-20,970478.5212585623
2023-02-21,972177.0954830719
2023-02-22,974909.7377726769
2023-02-23,972138.9403321227
2023-02-24,974762.6888082979
2023-02-27,971632.626415923
2023-02-28,973684.8939528355
2023-03-01,977642.3800622816
2023-03-02,978535.0310019066
2023-03-03,983750.8245793721
2023-03-06,988660.5847077577
2023-03-07,988737.2480498296
2023-03-08,980362.9661069445
2023-03-09,980085.4489414386
2023-03-10,980181.7430584346
2023-03-13,988603.5521406098
2023-03-14,997131.160767639
2023-03-15,1000470.8721815688
2023-03-16,1004892.7558931564
2023-03-17,1013142.2274354716
2023-03-20,1034934.8672780558
2023-03-21,1026924.2712706064
2023-03-22,1016855.7501319033
2023-03-23,1022311.0391634429
2023-03-24,1024368.9642946968
2023-03-27,1017152.8980723335
2023-03-28,1014166.7472467736
2023-03-29,1015506.8059350136
2023-03-30,1017516.5840077694
2023-03-31,1024627.4706044865
2023-04-03,1016214.5470309614
2023-04-04,1025761.7720447913
2023-04-06,1035067.4788264446
2023-04-07,1033856.6938937816
2023-04-10,1026176.1734070763
2023-04-11,1033906.0273892919
2023-04-12,1044418.2905182786
2023-04-13,1045603.7039389649
2023-04-14,1048078.83588513
2023-04-17,1043334.3631454988
2023-04-18,1040756.335622984
2023-04-19,1039879.6089313468
2023-04-20,1043847.4314988042
2023-04-21,1036555.9408624073
2023-04-24,1035137.9552486019
2023-04-25,1043874.2125392241
2023-04-26,1045703.7804584283
2023-04-27,1048074.6072998006
2023-04-28,1047426.2242159533
2023-05-04,1073143.0706611616
2023-05-05,1074589.1389349843
2023-05-08,1073307.327646486
2023-05-09,1071430.4954134424
2023-05-10,1068496.834935609
2023-05-11,1069662.2693042944
2023-05-12,1059747.843827177
2023-05-15,1061774.356391109
2023-05-16,1056142.9345972259
2023-05-17,1052944.1419634433
2023-05-18,1054190.799651362
2023-05-19,1047380.2520864628
2023-05-22,1049948.8701751207
2023-05-23,1043314.4606510197
2023-05-24,1043816.4170635048
2023-05-25,1039079.3768759439
2023-05-26,1038570.5747622934
2023-05-29,1039844.6152548741
2023-05-30,1039180.2122039219
2023-05-31,1048905.7333326621
2023-06-01,1049440.9931562224
2023-06-02,1050945.4564338
2023-06-05,1045143.8925129061
2023-06-06,1048831.3057810757
2023-06-07,1052741.0257830138
2023-06-08,1049647.597436042
2023-06-09,1057166.9330740348
2023-06-12,1055162.6715766727
2023-06-13,1056400.0429154611
2023-06-14,1049913.0818556347
2023-06-15,1044348.6062186109
2023-06-16,1049757.4865914045
2023-06-19,1046777.6427873207
2023-06-20,1046523.2445303047
2023-06-21,1041581.1499502009
2023-06-26,1035847.4644633273
2023-06-27,1040216.5794829042
2023-06-28,1038643.3168674592
2023-06-29,1039237.3017886571
2023-06-30,1041733.0498269055
2023-07-03,1046466.4522588607
2023-07-04,1046425.6244266944
2023-07-05,1046398.4302478977
2023-07-06,1045187.9640022265
2023-07-07,1044675.3081914186
2023-07-10,1047221.8023217027
2023-07-11,1048225.1243920426
2023-07-12,1047968.7964866388
2023-07-13,1057745.6892846336
2023-07-14,1055280.7776907394
2023-07-17,1056535.223038962
2023-07-18,1058847.3788151182
2023-07-19,1070009.4832277982
2023-07-20,1067768.5007329902
2023-07-21,1064425.8287076978
2023-07-24,1063013.4229142158
2023-07-25,1063874.3984218591
2023-07-26,1066726.4041876197
2023-07-27,1068912.9983248345
2023-07-28,1065531.551824511
2023-07-31,1068132.4343123888
2023-08-01,1071191.5842534807
2023-08-02,1067391.9889877168
2023-08-03,1064498.2152095267
2023-08-04,1063867.500927305
2023-08-07,1063014.5486123133
2023-08-08,1064844.6120534178
2023-08-09,1062367.4877931501
2023-08-10,1059646.9124369055
2023-08-11,1060331.532856217
2023-08-14,1060867.4746589952
2023-08-15,1064338.056582317
2023-08-16,1063320.0791138504
2023-08-17,1062318.4481823256
2023-08-18,1060315.1863192755
2023-08-21,1061465.4958673336
2023-08-22,1063785.7682425973
2023-08-23,1066766.1412317604
2023-08-24,1067838.0248373167
2023-08-25,1064659.933620796
2023-08-28,1068060.2628700868
2023-08-29,1070512.867324942
2023-08-30,1070748.1451524482
2023-08-31,1072450.7430402262
2023-09-01,1072924.6054374436
2023-09-04,1080546.1040316164
2023-09-05,1078330.0027598091
2023-09-06,1076648.5082814824
2023-09-07,1076183.3557674887
2023-09-08,1080770.9065068723
2023-09-11,1084099.1683237823
2023-09-12,1083706.2100287413
2023-09-13,1085962.5183192238
2023-09-14,1093947.7851550041
2023-09-15,1086352.736674799
2023-09-18,1082053.962811226
2023-09-19,1089753.1927106613
2023-09-20,1097738.4595464417
2023-09-21,1092942.5459685978
2023-09-22,1090969.5346749942
2023-09-25,1094551.8462279716
2023-09-26,1093442.425622335
2023-09-27,1080583.5711108258
2023-09-28,1066863.8658508155
2023-10-09,1060453.1721346658
2023-10-10,1045692.8550567072
2023-10-11,1046955.7213770625
2023-10-12,1056619.6999101434
2023-10-13,1059046.7047809148
2023-10-16,1070085.7748465217
2023-10-17,1075089.650554628
2023-10-18,1081451.5717297185
2023-10-19,1080198.6542282854
2023-10-20,1090056.5396779347
2023-10-23,1080242.6951782901
2023-10-24,1082179.6098226765
2023-10-25,1082002.7489716501
2023-10-26,1088793.6733575794
2023-10-27,1091533.907603709
2023-10-30,1088871.8064386672
2023-10-31,1090856.3106563683
2023-11-01,1088068.4868369238
2023-11-02,1089558.6047228347
2023-11-03,1087260.3252577065
2023-11-06,1082597.041053069
2023-11-07,1079997.3783016438
2023-11-08,1076808.7674428846
2023-11-09,1072083.3641189532
2023-11-10,1076456.7804250102
2023-11-13,1074505.8818226696
2023-11-14,1078343.2568305135
2023-11-15,1083770.3311126502
2023-11-16,1080287.2462002242
2023-11-17,1082001.183713105
2023-11-20,1074321.8275423308
2023-11-21,1074142.3794170786
2023-11-22,1069953.0173913604
2023-11-23,1071011.2815225269
2023-11-24,1071719.861713362
2023-11-27,1077984.3605800092
2023-11-28,1080464.3912479328
2023-11-29,1083894.5693512384
2023-11-30,1084129.2273631548
2023-12-01,1087368.4419534912
2023-12-04,1094921.7925134213
2023-12-05,1080237.4961228587
2023-12-06,1079008.0254381965
2023-12-07,1079782.0095920255
2023-12-08,1080733.5649031624
2023-12-11,1077319.1306648494
2023-12-12,1075580.063783393
2023-12-13,1072055.6954702232
2023-12-14,1084016.6625344255
2023-12-15,1081138.8793258865
2023-12-18,1078361.4403335655
2023-12-19,1080378.4225885475
2023-12-20,1082167.6615781127
2023-12-21,1081762.3471553884
2023-12-22,1085960.3554061695
2023-12-25,1086911.9107173062
2023-12-26,1088928.8929722882
2023-12-27,1093277.4175473964
2023-12-28,1093049.67428198
2023-12-29,1091729.4492397378
2024-01-02,1098131.6007614466
2024-01-03,1096833.9320026126
2024-01-04,1094717.4983462393
2024-01-05,1097010.301473977
2024-01-08,1094541.1288748751
2024-01-09,1094364.7594035105
2024-01-10,1091190.108918951
2024-01-11,1091190.108918951
2024-01-12,1093835.6509894175
2024-01-15,1098597.6267162568
2024-01-16,1099303.1046017145
2024-01-17,1091190.108918951
2024-01-18,1088544.5668484843
2024-01-19,1093306.542575324
2024-01-22,1090131.8920907644
2024-01-23,1091366.4783903153
2024-01-24,1090308.2615621288
2024-01-25,1086604.502663476
2024-01-26,1090131.8920907644
2024-01-29,1091719.2173330444
2024-01-30,1094012.0204607816
2024-01-31,1095070.2372889682
2024-02-01,1097715.7793594347
2024-02-02,1099465.9822530611
2024-02-05,1093700.9521713555
2024-02-06,1095707.0872514942
2024-02-07,1100482.0911615933
2024-02-08,1103717.095761475
2024-02-19,1107212.1825095615
2024-02-20,1109178.8208737834
2024-02-21,1110628.2758258153
2024-02-22,1113578.2333721481
2024-02-23,1112571.8123373312
2024-02-26,1108735.7869565687
2024-02-27,1109883.799991841
2024-02-28,1107388.427289076
2024-02-29,1110060.0447713556
2024-03-01,1113584.9403616432
2024-03-04,1124450.7362717083
2024-03-05,1138388.3617022557
2024-03-06,1144646.8198290614
2024-03-07,1156385.614182957
2024-03-08,1157332.7536342477
2024-03-11,1158611.9321322392
2024-03-12,1148109.0378094937
2024-03-13,1145945.589402578
2024-03-14,1148028.4769322593
2024-03-15,1152239.4301991197
2024-03-18,1145542.785016405
2024-03-19,1146222.654704018
2024-03-20,1149673.177406031
2024-03-21,1168859.2519697268
2024-03-22,1161751.906603733
2024-03-25,1164094.1680999862
2024-03-26,1166159.3642947993
2024-03-27,1168788.486630255
2024-03-28,1176316.3277172896
2024-03-29,1197817.176904608
2024-04-01,1203002.7564953899
2024-04-02,1205108.6382026696
2024-04-03,1220661.0245538624
2024-04-08,1243060.0447428105
2024-04-09,1243610.830905918
2024-04-10,1247229.7085010607
2024-04-11,1244083.2204983644
2024-04-12,1270477.0197879337
2024-04-15,1262071.6438785682
2024-04-16,1267600.4686952068
2024-04-17,1275391.8817178549
2024-04-18,1272593.7271957893
2024-04-19,1277732.8664945255
2024-04-22,1252506.6879240365
2024-04-23,1224684.8075139592
2024-04-24,1233415.2563829897
2024-04-25,1236254.7629423274
2024-04-26,1239576.1356026526
2024-04-29,1232566.9652850647
2024-04-30,1232352.1644247912
2024-05-06,1228828.339081989
2024-05-07,1230592.4762137134
2024-05-08,1230831.4746427522
2024-05-09,1231248.9267201836
2024-05-10,1253572.3174599756
2024-05-13,1249722.673840427
2024-05-14,1247147.7629112736
2024-05-15,1253747.590414823
2024-05-16,1262571.7829378312
2024-05-17,1264448.7827411415
2024-05-20,1291453.5405617994
2024-05-21,1279946.070322527
2024-05-22,1281580.891003253
2024-05-23,1255978.3168213728
2024-05-24,1247740.4879435522
2024-05-27,1256641.128714934
2024-05-28,1254474.1277825756
2024-05-29,1261370.3178022644
2024-05-30,1249442.214792015
2024-05-31,1254585.6752632312
2024-06-03,1242243.300869096
2024-06-04,1251487.4695358723
2024-06-05,1242984.4297150862
2024-06-06,1257730.6840884376
2024-06-07,1260514.1327441114
2024-06-11,1226242.7604623516
2024-06-12,1234703.3458114353
2024-06-13,1231867.7591254362
2024-06-14,1233088.5440243632
2024-06-17,1230438.4221052083
2024-06-18,1232186.5506287995
2024-06-19,1237036.9193114275
2024-06-20,1244833.114062117
2024-06-21,1249227.6442676517
2024-06-24,1230054.088775686
2024-06-25,1233901.9082393108
2024-06-26,1229901.3949219212
2024-06-27,1224513.9990560063
2024-06-28,1237948.596265614
2024-07-01,1243805.2344044563
2024-07-02,1244618.1499794668
2024-07-03,1247140.181831296
2024-07-04,1250384.8610947758
2024-07-05,1251181.7531035135
2024-07-08,1250268.3541885773
2024-07-09,1250145.3746764786
2024-07-10,1250249.317112401
2024-07-11,1254343.811456388
2024-07-12,1259733.207721884
2024-07-15,1261911.8107194938
2024-07-16,1271840.7881699773
2024-07-17,1282600.5436247925
2024-07-18,1283225.7212064206
2024-07-19,1254886.3681274112
2024-07-22,1251300.5444588533
2024-07-23,1245398.2893611696
2024-07-24,1257887.3728158348
2024-07-25,1232171.709575436
2024-07-26,1233911.6983379452
2024-07-29,1241861.2006076225
2024-07-30,1240786.7480282353
2024-07-31,1251345.0912171057
2024-08-01,1259373.0262406294
2024-08-02,1262057.4320542368
2024-08-05,1235049.446749759
2024-08-06,1226491.2940317316
2024-08-07,1232331.426060607
2024-08-08,1231814.7612994814
2024-08-09,1240523.0128315808
2024-08-12,1248504.853311995
2024-08-13,1255797.8074442416
2024-08-14,1251777.0634657906
2024-08-15,1253221.2044810345
2024-08-16,1256171.0942337161
2024-08-19,1271108.166514714
2024-08-20,1268345.9002796228
2024-08-21,1269103.1151924054
2024-08-22,1267612.768385516
2024-08-23,1264033.6397611545
2024-08-26,1270196.0921911444
2024-08-27,1271348.7166663709
2024-08-28,1268473.8763207253
2024-08-29,1262620.3026070078
2024-08-30,1258846.829622635
2024-09-02,1254428.7158360337
2024-09-03,1251711.0298666302
2024-09-04,1244582.3869999505
2024-09-05,1250324.7945624664
2024-09-06,1250400.9220649498
2024-09-09,1238569.0517534849
2024-09-10,1245043.8036208153
2024-09-11,1242844.4449033893
2024-09-12,1242518.6623052056
2024-09-13,1255280.3432673458
2024-09-18,1259921.7383889519
2024-09-19,1258380.9222768391
2024-09-20,1268543.6602238684
2024-09-23,1280187.707762813
2024-09-24,1291496.3291302337
2024-09-25,1303841.8048124032
2024-09-26,1315381.1344902567
2024-09-27,1308019.4575101626
2024-09-30,1328094.9379471089
2024-10-08,1333965.661761948
2024-10-09,1294274.718501105
2024-10-10,1314578.9206179003
2024-10-11,1319765.0691827617
2024-10-14,1339307.674776424
2024-10-15,1332304.7043596094
2024-10-16,1352719.6173026182
2024-10-17,1352892.1178427245
2024-10-18,1361640.9285393348
2024-10-21,1371844.4018722575
2024-10-22,1372661.660203773
2024-10-23,1379018.0344575252
2024-10-24,1366595.2380124019
2024-10-25,1366536.5122512644
2024-10-28,1370444.1754632252
2024-10-29,1374698.0653365005
2024-10-30,1385252.054864595
2024-10-31,1377903.470577017
2024-11-01,1372599.2576993296
2024-11-04,1366719.6412594263
2024-11-05,1370862.1873032965
2024-11-06,1367866.3023015836
2024-11-07,1351141.7659852668
2024-11-08,1352821.6291516016
2024-11-11,1350825.0044270514
2024-11-12,1330979.142372252
2024-11-13,1331339.823986918
2024-11-14,1309071.4074514844
2024-11-15,1308944.07088494
2024-11-18,1327748.0164926427
2024-11-19,1345065.947528489
2024-11-20,1345533.2695679907
2024-11-21,1358134.0601523714
2024-11-22,1361982.43660951
2024-11-25,1346959.0915444952
2024-11-26,1335356.9292940188
2024-11-27,1348530.41845622
2024-11-28,1342793.321585883
2024-11-29,1352610.2441317055
2024-12-02,1344259.2719592887
2024-12-03,1357325.654132607
2024-12-04,1357600.9471848905
2024-12-05,1357257.831360736
2024-12-06,1357469.3036059486
2024-12-09,1364367.5324573726
2024-12-10,1368656.480259303
2024-12-11,1378161.9891778205
2024-12-12,1385505.0680112052
2024-12-13,1370880.730169107
2024-12-16,1367182.282804879
2024-12-17,1363507.7419145866
2024-12-18,1364608.9141237207
2024-12-19,1352216.830121026
2024-12-20,1351253.3044380336
2024-12-23,1362921.2434416842
2024-12-24,1360557.3460233384
2024-12-25,1365295.1457720294
2024-12-26,1365053.7641056813
2024-12-27,1367148.3714189434
2024-12-30,1365847.7328589964
2024-12-31,1364541.0913518497
2025-01-02,1365835.726964597
2025-01-03,1368999.9357596743
2025-01-06,1362631.0977154863
2025-01-07,1365583.1402143463
2025-01-08,1371960.1700235212
2025-01-09,1374545.1384963896
2025-01-10,1377056.6921640593
2025-01-13,1375906.7861156869
2025-01-14,1371960.0144836796
2025-01-15,1379022.0417549177
2025-01-16,1385236.0139635634
2025-01-17,1387217.5915445539
2025-01-20,1385472.4863692906
2025-01-21,1382683.5014709595
2025-01-22,1387282.6590449237
2025-01-23,1393578.2378237552
2025-01-24,1400126.5169984456
2025-01-27,1402034.8353140792
2025-02-05,1436423.190722795
2025-02-06,1429421.8805855073
2025-02-07,1432764.2398707755
2025-02-10,1449147.6316593834
2025-02-11,1463512.993247765
2025-02-12,1456489.1595053845
2025-02-13,1462838.3330821134
2025-02-14,1468689.5444351877
2025-02-17,1449799.6806974648
2025-02-18,1460663.8359487683
2025-02-19,1467519.3021645728
2025-02-20,1469697.3694759551
2025-02-21,1458505.999646265
2025-02-24,1459679.812094917
2025-02-25,1457181.6705612233
2025-02-26,1449314.8091266141
2025-02-27,1448132.6662625412
2025-02-28,1438442.3234598897
2025-03-03,1439279.4008553892
2025-03-04,1446485.7033293806
2025-03-05,1456835.0663629249
2025-03-06,1453500.7753581991
2025-03-07,1451332.034991917
2025-03-10,1452349.7368518603
2025-03-11,1447488.8930572195
2025-03-12,1451664.012879179
2025-03-13,1461516.618426172
2025-03-14,1480889.851632896
2025-03-17,1482886.5563338369
2025-03-18,1490582.5149579686
2025-03-19,1504779.8573035784
2025-03-20,1504954.3116576038
2025-03-21,1498772.812379967
2025-03-24,1501435.8915441162
2025-03-25,1502756.547027112
2025-03-26,1505271.7774127612
2025-03-27,1509110.0819700905
2025-03-28,1529181.1325929165
2025-03-31,1541553.805902927
2025-04-01,1549906.4642355302
2025-04-02,1546305.6796312665
2025-04-03,1558394.3783557513
2025-04-07,1501492.3244094863
2025-04-08,1517727.3185026944
2025-04-09,1531006.8314854708
2025-04-10,1557763.9820151976
2025-04-11,1574664.9521955804
2025-04-14,1586331.8611437278
2025-04-15,1589822.2195239076
2025-04-16,1622595.4475425244
2025-04-17,1633148.607077759
2025-04-18,1637153.3216290136
2025-04-21,1658280.1617981566
2025-04-22,1703180.6209639478
2025-04-23,1622101.6124701235
2025-04-24,1639072.1181719117
2025-04-25,1630165.0755446798
2025-04-28,1621201.4891707427
2025-04-29,1628719.592975509
2025-04-30,1614897.2304976
2025-05-06,1638107.4789004417
2025-05-07,1649633.0919661487
2025-05-08,1633462.0343716317
2025-05-09,1632220.8213815617
2025-05-12,1607592.7339214475
2025-05-13,1604555.576961914
2025-05-14,1598637.4932024586
2025-05-15,1562488.2191657694
2025-05-16,1578082.5872756788
2025-05-19,1586077.7614289676
2025-05-20,1585826.1353791568
2025-05-21,1625870.402284356
2025-05-22,1629120.3095295026
2025-05-23,1626444.5711458484
2025-05-26,1620660.7590407901
2025-05-27,1611883.7069866257
2025-05-28,1615180.0518653146
2025-05-29,1602346.735536799
2025-05-30,1616057.3256563903
2025-06-03,1637325.7133452895
2025-06-04,1637109.1587185606
2025-06-05,1635437.0288277403
2025-06-06,1636158.4883793914
2025-06-09,1623217.646879292
2025-06-10,1624038.061486179
2025-06-11,1629211.4692037324
2025-06-12,1641582.8161731772
2025-06-13,1654065.2360982392
2025-06-16,1652062.4138526157
2025-06-17,1640511.481490058
2025-06-18,1643616.939095847
2025-06-19,1636682.0378205697
2025-06-20,1633673.008757968
2025-06-23,1641066.3316082829
2025-06-24,1626320.5779730324
2025-06-25,1633100.987715265
2025-06-26,1636983.4413505136
2025-06-27,1617723.1381952674
2025-06-30,1615054.3928758018
2025-07-01,1632521.901796278
2025-07-02,1631742.0316966702
2025-07-03,1640517.763722172
2025-07-04,1637639.7134497354
2025-07-07,1631424.0957564798
2025-07-08,1637513.9300146115
2025-07-09,1626346.42435821
2025-07-10,1638158.6449632987
2025-07-11,1635238.0374246389
2025-07-14,1648548.6975311274
2025-07-15,1644139.552885265
2025-07-16,1636472.0599721586
2025-07-17,1634963.718076562
2025-07-18,1637659.518238129
2025-07-21,1644771.4177503202
2025-07-22,1649743.1105018593
2025-07-23,1663004.2586373636
2025-07-24,1639429.3293981706
2025-07-25,1633882.2384573217
2025-07-28,1629727.6083711425
2025-07-29,1622867.2757291994
2025-07-30,1626886.2199860578
2025-07-31,1617650.9708121738
2025-08-01,1618322.4452540162
2025-08-04,1634587.8995260359
2025-08-05,1640522.4291366155
2025-08-06,1643009.1834184907
2025-08-07,1647360.0140363912
2025-08-08,1651661.3060469653
2025-08-11,1636233.5217778734
2025-08-12,1631969.383722794
2025-08-13,1633239.5089181575
2025-08-14,1635066.431298688
2025-08-15,1629903.1954559379
2025-08-18,1632567.292364981
2025-08-19,1628595.9163050796
2025-08-20,1629556.9373519088
2025-08-21,1635252.2010761623
2025-08-22,1630901.3704582618
2025-08-25,1642407.3172747786
2025-08-26,1645009.4909246638
2025-08-27,1638670.737452422
2025-08-28,1641639.9810084742
2025-08-29,1643582.3227570145
2025-09-01,1669113.6549786371
2025-09-02,1674691.499070346
2025-09-03,1686170.507628306
2025-09-04,1684276.4526753523
2025-09-05,1686615.351656485
2025-09-08,1698392.5251990631
2025-09-09,1719958.0527806496
2025-09-10,1715799.9491075564
2025-09-11,1713274.542503618
2025-09-12,1715544.6341806084
2025-09-15,1708281.6867455381
2025-09-16,1723402.1261658445
2025-09-17,1714029.6374301165
2025-09-18,1689643.5597383995
2025-09-19,1697632.6233750698
2025-09-22,1719017.6862907016
2025-09-23,1737007.5688356592
2025-09-24,1744695.4460092862
2025-09-25,1734697.6485794247
2025-09-26,1736987.654546037
2025-09-29,1752481.1092119545
2025-09-30,1762766.2217720882
2025-10-09,1827609.483560409
2025-10-10,1806403.6300649038
2025-10-13,1846727.8329446588
2025-10-14,1865085.543983302
2025-10-15,1898192.18525812
2025-10-16,1907135.6855077157
2025-10-17,1957972.423768574
2025-10-20,1910901.369823335
2025-10-21,1945733.9497428117
2025-10-22,1884698.4831271518
2025-10-23,1867909.8072200164
2025-10-24,1861006.052641381
2025-10-27,1855357.5261679525
2025-10-28,1805619.1124991497
2025-10-29,1820524.9462484757
2025-10-30,1822407.7884062852
2025-10-31,1836529.104589857
2025-11-03,1836999.8151293094
2025-11-04,1831277.9590111468
2025-11-05,1826426.267510384
2025-11-06,1833713.9005365407
2025-11-07,1840042.3049480084
2025-11-10,1866234.3850084706
2025-11-11,1887860.0117093974
2025-11-12,1886888.1742083202
2025-11-13,1908213.3974407483
2025-11-14,1894324.730748285
2025-11-17,1856639.542420704
2025-11-18,1837538.2061089051
2025-11-19,1866002.1388536813
2025-11-20,1861450.8508214178
2025-11-21,1842470.6638097663
2025-11-24,1844341.1552754578
2025-11-25,1870954.788104567
2025-11-26,1868824.2762704252
2025-11-27,1869430.1094301767
2025-11-28,1877969.7918758846
2025-12-01,1895349.5602358
2025-12-02,1885063.4419015837
2025-12-03,1880627.8839334403
2025-12-04,1873711.5920927806
2025-12-05,1882920.070423477
2025-12-08,1877715.9834232617
2025-12-09,1864274.3645610674
2025-12-10,1869916.7879500217
2025-12-11,1871069.5814981295
2025-12-12,1889600.912760031
2025-12-15,1909217.5650911583
2025-12-16,1889661.6849358235
2025-12-17,1901296.8252663333
2025-12-18,1906446.8403938457
2025-12-19,1905671.6110586845
2025-12-22,1933242.9741780711
2025-12-23,1953088.845158202
2025-12-24,1955117.8420358007
2025-12-25,1943725.3209604735
2025-12-26,1955576.279333808
2025-12-29,1942478.253721126
2025-12-30,1911078.1154955453
2025-12-31,1901856.2365586702
2026-01-05,1930762.2403055548
2026-01-06,1941906.6628390544
2026-01-07,1932915.8367390006
2026-01-08,1931849.1285576383
2026-01-09,1944192.466084831
2026-01-12,1972384.039449406
2026-01-13,1974822.2295782343
2026-01-14,1994480.1374919114
2026-01-15,1986098.8589240646
2026-01-16,1984574.990093547
2026-01-19,2007280.635668259
2026-01-20,2018862.0387801928
2026-01-21,2063816.1692804617
2026-01-22,2058330.2414905983
2026-01-23,2100389.021212884
2026-01-26,2147171.7943097735
2026-01-27,2148695.6631402913
2026-01-28,2201421.5246762
2026-01-29,2296510.9397004973
2026-01-30,2160124.6793691735
2026-02-02,1992346.7211291865
2026-02-03,2068608.8956109493
2026-02-04,2135673.717536905
2026-02-05,2083830.3495761661
2026-02-06,2058812.9103858096
2026-02-09,2113369.0127165867
2026-02-10,2105833.6394664794
2026-02-11,2119246.6038516704
2026-02-12,2113519.720181589
2026-02-13,2091667.1377562776
2026-02-24,2148182.437132083
2026-02-25,2149538.8043171023
2026-02-26,2142606.260927004
2026-02-27,2145620.4102270463
2026-03-02,2218562.823288086
2026-03-03,2200067.360736916
2026-03-04,2151938.4123569
2026-03-05,2150545.235437652
2026-03-06,2140103.302614645
2026-03-09,2138906.6067289575
2026-03-10,2150785.666176087
2026-03-11,2158560.7423973833
2026-03-12,2156128.85872762
2026-03-13,2137727.7205275977
2026-03-16,2117629.779015824
2026-03-17,2116040.1210630164
2026-03-18,2108714.308491556
2026-03-19,2037402.8961752541
2026-03-20,2001563.7789938166
2026-03-23,1844676.8334789248
2026-03-24,1906185.1635842626
2026-03-25,1960678.2015819978
2026-03-26,1931455.9566345555
2026-03-27,1936926.976759091
2026-03-30,1965205.3084371216
2026-03-31,1973810.258497532
2026-04-01,2020673.857531303
2026-04-02,1977539.3125107086
2026-04-03,1985653.3350934782
2026-04-07,1983639.4060652587
2026-04-08,2029550.7449937079
2026-04-09,1995630.2199415674
2026-04-10,2004455.1102936193
2026-04-13,1995095.449490442
2026-04-14,2010346.71404674
2026-04-15,2021726.7823747918
2026-04-16,2026711.985550509
2026-04-17,2014330.989489321
2026-04-20,2017918.6042503677
2026-04-21,2016942.707072488
2026-04-22,2013927.8503111321
2026-04-23,2000747.0543902214
2026-04-24,1989568.1139355828
2026-04-27,1996498.632970405
2026-04-28,1972837.6908021905
2026-04-29,1959751.4220370129
2026-04-30,1962993.3206584002
2026-05-06,1977955.4086822064
2026-05-07,1994435.34468345
2026-05-08,1990044.9738737256
2026-05-11,1973997.4116036983
2026-05-12,1978841.9587040837
2026-05-13,1978539.17451031
2026-05-14,1977176.6456383264
2026-05-15,1940691.1502885476
2026-05-18,1934484.0743161787
2026-05-19,1934786.8585099527
2026-05-20,1912380.8281706695
2026-05-21,1924946.3722122945
2026-05-22,1926611.685278052
2026-05-25,1934332.6822192916
2026-05-26,1925551.9405998427
2026-05-27,1909050.2020391545
2026-05-28,1876803.685402213
2026-05-29,1916922.591077281
2026-06-01,1908898.8099422671
2026-06-02,1917865.8497490366
2026-06-03,1898114.4197344773
2026-06-04,1899492.4264796788
2026-06-05,1893674.1757777159
2026-06-08,1847893.7294648993
2026-06-09,1855855.5462149545
2026-06-10,1814668.4557194775
2026-06-11,1779452.727786542
2026-06-12,1802878.8424549731
2026-06-15,1844065.9329504499
2026-06-16,1847281.2820225875
2026-06-17,1848506.1769072113
2026-06-18,1841003.6957388902
2026-06-22,1811606.2185079178
2026-06-23,1784199.1954644595
2026-06-24,1780830.7345317437
2026-06-25,1745921.2303199642
2026-06-26,1761691.7519594962
2026-06-29,1770725.351733597
2026-06-30,1759854.4096325603
2026-07-01,1743471.4405507164
2026-07-02,1774671.1044980797
2026-07-03,1805794.3124020938
2026-07-06,1799316.8934982126
2026-07-07,1793945.375382799
2026-07-08,1792681.4887674076
2026-07-09,1785572.126555831
2026-07-10,1785098.1690750592
2026-07-13,1765823.89819034
2026-07-14,1758556.5501518392
2026-07-15,1757924.6068441435
2026-07-16,1756976.6918825998
2026-07-17,1748761.4288825558
2026-07-20,1749867.3296710232
2026-07-21,1773565.2037096124
2026-07-22,1788099.8997866139
2026-07-23,1788099.8997866139
2026-07-24,1760452.3800749264
