date,dir,name,note
2020-11-20,WEEKLY,红利低波+创业板,TOP3
2020-11-27,WEEKLY,红利低波,TOP3 现金50%
2020-12-11,WEEKLY,创业板+红利低波,TOP3
2021-01-15,WEEKLY,创业板+人工智能,TOP3
2021-01-29,WEEKLY,创业板,TOP3 现金50%
2021-02-19,WEEKLY,创业板+科创50,TOP3
2021-02-24,PANIC,ALL,NAV-10.9%
2021-02-26,WEEKLY,创业板,TOP3 现金50%
2021-03-09,HSTOP,创业板,-8%
2021-03-12,WEEKLY,红利低波+创业板,TOP3
2021-03-19,WEEKLY,红利低波,TOP3 现金50%
2021-05-14,WEEKLY,红利低波+黄金ETF,TOP3
2021-05-28,WEEKLY,红利低波+创业板,TOP3
2021-06-04,WEEKLY,创业板+科创50,TOP3
2021-07-30,WEEKLY,科创50+人工智能,TOP3
2021-08-06,WEEKLY,科创50+创业板,TOP3
2021-08-13,WEEKLY,科创50+人工智能,TOP3
2021-08-31,PANIC,ALL,NAV-10.4%
2021-09-03,WEEKLY,红利低波,TOP3 现金50%
2021-09-10,WEEKLY,红利低波+黄金ETF,TOP3
2021-09-17,WEEKLY,红利低波,TOP3 现金50%
2021-09-24,WEEKLY,红利低波+黄金ETF,TOP3
2021-10-08,WEEKLY,红利低波,TOP3 现金50%
2021-10-25,PANIC,ALL,NAV-29.0%
2021-10-29,WEEKLY,创业板,TOP3 现金50%
2021-11-05,WEEKLY,黄金ETF,TOP3 现金50%
2021-11-19,WEEKLY,创业板+人工智能,TOP3
2021-11-26,WEEKLY,创业板,TOP3 现金50%
2021-12-03,WEEKLY,创业板+人工智能,TOP3
2022-01-05,HSTOP,创业板,-8%
2022-01-14,WEEKLY,人工智能+黄金ETF,TOP3
2022-01-21,WEEKLY,人工智能+红利低波,TOP3
2022-01-27,PANIC,ALL,NAV-10.8%
2022-01-28,WEEKLY,红利低波+黄金ETF,TOP3
2022-02-11,WEEKLY,红利低波,TOP3 现金50%
2022-02-18,WEEKLY,红利低波+黄金ETF,TOP3
2022-03-15,HSTOP,红利低波,-8%
2022-03-18,WEEKLY,黄金ETF+红利低波,TOP3
2022-04-22,WEEKLY,黄金ETF,TOP3 现金50%
2022-04-29,WEEKLY,黄金ETF+红利低波,TOP3
2022-05-13,WEEKLY,黄金ETF,TOP3 现金50%
2022-05-27,WEEKLY,红利低波+黄金ETF,TOP3
2022-06-10,WEEKLY,红利低波,TOP3 现金50%
2022-06-17,WEEKLY,红利低波+黄金ETF,TOP3
2022-06-24,WEEKLY,创业板+红利低波,TOP3
2022-07-08,WEEKLY,创业板+科创50,TOP3
2022-08-26,PANIC,ALL,NAV-10.3%
2022-09-02,WEEKLY,红利低波,TOP3 现金50%
2022-09-30,WEEKLY,黄金ETF+红利低波,TOP3
2022-10-28,WEEKLY,黄金ETF,TOP3 现金50%
2022-11-11,WEEKLY,黄金ETF+红利低波,TOP3
2022-11-18,WEEKLY,黄金ETF,TOP3 现金50%
2022-11-25,WEEKLY,黄金ETF+红利低波,TOP3
2022-12-02,WEEKLY,黄金ETF+人工智能,TOP3
2023-01-06,WEEKLY,人工智能+科创50,TOP3
2023-01-13,WEEKLY,人工智能+黄金ETF,TOP3
2023-01-20,WEEKLY,人工智能+创业板,TOP3
2023-02-17,WEEKLY,人工智能+红利低波,TOP3
2023-03-10,WEEKLY,人工智能+黄金ETF,TOP3
2023-03-17,WEEKLY,人工智能+红利低波,TOP3
2023-03-24,WEEKLY,人工智能+科创50,TOP3
2023-04-21,WEEKLY,人工智能+红利低波,TOP3
2023-05-05,HSTOP,人工智能,-8%
2023-05-12,WEEKLY,红利低波+黄金ETF,TOP3
2023-05-23,PANIC,ALL,NAV-10.0%
2023-05-26,WEEKLY,人工智能+黄金ETF,TOP3
2023-06-09,WEEKLY,人工智能+红利低波,TOP3
2023-06-30,WEEKLY,红利低波+黄金ETF,TOP3
2023-07-21,WEEKLY,黄金ETF,TOP3 现金50%
2023-07-28,WEEKLY,黄金ETF+红利低波,TOP3
2023-08-04,WEEKLY,人工智能+创业板,TOP3
2023-08-11,WEEKLY,黄金ETF+人工智能,TOP3
2023-08-16,PANIC,ALL,NAV-11.1%
2023-08-18,WEEKLY,红利低波+黄金ETF,TOP3
2023-09-01,WEEKLY,黄金ETF,TOP3 现金50%
2023-09-08,WEEKLY,黄金ETF+红利低波,TOP3
2023-10-13,WEEKLY,红利低波,TOP3 现金50%
2023-10-20,WEEKLY,黄金ETF+红利低波,TOP3
2023-10-27,WEEKLY,黄金ETF,TOP3 现金50%
2024-01-12,WEEKLY,黄金ETF+红利低波,TOP3
2024-01-19,WEEKLY,黄金ETF,TOP3 现金50%
2024-01-26,WEEKLY,红利低波+黄金ETF,TOP3
2024-03-01,WEEKLY,红利低波+人工智能,TOP3
2024-03-08,WEEKLY,红利低波+黄金ETF,TOP3
2024-05-10,WEEKLY,人工智能+创业板,TOP3
2024-05-17,WEEKLY,黄金ETF+人工智能,TOP3
2024-05-24,WEEKLY,黄金ETF+红利低波,TOP3
2024-07-12,WEEKLY,黄金ETF+人工智能,TOP3
2024-07-19,WEEKLY,人工智能+科创50,TOP3
2024-07-26,WEEKLY,黄金ETF,TOP3 现金50%
2024-09-27,WEEKLY,创业板+科创50,TOP3
2024-10-09,PANIC,ALL,NAV-10.1%
2024-10-11,WEEKLY,科创50+创业板,TOP3
2024-11-15,WEEKLY,创业板+人工智能,TOP3
2024-11-18,PANIC,ALL,NAV-10.1%
2024-11-22,WEEKLY,科创50+创业板,TOP3
2024-11-29,WEEKLY,科创50+人工智能,TOP3
2025-01-03,PANIC,ALL,NAV-10.2%
2025-01-10,WEEKLY,科创50+人工智能,TOP3
2025-01-17,WEEKLY,黄金ETF+人工智能,TOP3
2025-03-07,WEEKLY,人工智能+科创50,TOP3
2025-03-14,WEEKLY,人工智能+黄金ETF,TOP3
2025-04-01,HSTOP,人工智能,-8%
2025-04-11,WEEKLY,黄金ETF+科创50,TOP3
2025-04-18,WEEKLY,黄金ETF+红利低波,TOP3
2025-07-04,WEEKLY,创业板+红利低波,TOP3
2025-07-18,WEEKLY,创业板+人工智能,TOP3
2025-09-26,WEEKLY,人工智能+科创50,TOP3
2025-10-17,PANIC,ALL,NAV-11.3%
2025-10-24,WEEKLY,人工智能+科创50,TOP3
2025-10-31,WEEKLY,人工智能+创业板,TOP3
2025-11-14,WEEKLY,创业板+科创50,TOP3
2025-11-19,PANIC,ALL,NAV-10.3%
2025-11-21,WEEKLY,黄金ETF+创业板,TOP3
2025-12-19,WEEKLY,黄金ETF+红利低波,TOP3
2026-01-09,WEEKLY,人工智能+创业板,TOP3
2026-01-23,WEEKLY,黄金ETF+人工智能,TOP3
2026-02-06,PANIC,ALL,NAV-10.3%
2026-02-13,WEEKLY,黄金ETF+人工智能,TOP3
2026-03-06,WEEKLY,黄金ETF+科创50,TOP3
2026-03-13,WEEKLY,黄金ETF+创业板,TOP3
2026-03-20,HSTOP,黄金ETF,-8%
2026-03-23,PANIC,ALL,NAV-10.6%
2026-03-27,WEEKLY,创业板+红利低波,TOP3
2026-04-03,WEEKLY,黄金ETF+红利低波,TOP3
2026-04-10,WEEKLY,黄金ETF+创业板,TOP3
2026-04-17,WEEKLY,创业板+红利低波,TOP3
2026-04-24,WEEKLY,创业板+人工智能,TOP3
2026-05-22,WEEKLY,人工智能+科创50,TOP3
2026-05-29,WEEKLY,创业板+人工智能,TOP3
2026-06-08,PANIC,ALL,NAV-10.8%
2026-06-12,WEEKLY,人工智能+科创50,TOP3
2026-07-06,PANIC,ALL,NAV-30.9%
2026-07-10,WEEKLY,科创50+创业板,TOP3
2026-07-15,HSTOP,科创50,-8%
2026-07-17,WEEKLY,科创50,TOP3 现金50%
